{
  "_format": "hh-sol-cache-2",
  "files": {
    "/Users/xudesong/Desktop/web3/web3/react/next/next-15.3-antd/contracts/Lock.sol": {
      "lastModificationDate": 1756606787250,
      "contentHash": "7eee587c347fe6b1de50c96688cb9477",
      "sourceName": "contracts/Lock.sol",
      "solcConfig": {
        "version": "0.8.28",
        "settings": {
          "evmVersion": "paris",
          "optimizer": {
            "enabled": false,
            "runs": 200
          },
          "outputSelection": {
            "*": {
              "*": [
                "abi",
                "evm.bytecode",
                "evm.deployedBytecode",
                "evm.methodIdentifiers",
                "metadata",
                "devdoc",
                "userdoc",
                "storageLayout",
                "evm.gasEstimates"
              ],
              "": [
                "ast"
              ]
            }
          },
          "metadata": {
            "useLiteralContent": true
          }
        }
      },
      "imports": [],
      "versionPragmas": [
        "^0.8.28"
      ],
      "artifacts": [
        "Lock"
      ]
    },
    "/Users/xudesong/Desktop/web3/web3/react/next/next-15.3-antd/contracts/bank/Bank.sol": {
      "lastModificationDate": 1756606811316,
      "contentHash": "acb7d504172b4e3ecbd82d124595c08a",
      "sourceName": "contracts/bank/Bank.sol",
      "solcConfig": {
        "version": "0.8.28",
        "settings": {
          "evmVersion": "paris",
          "optimizer": {
            "enabled": false,
            "runs": 200
          },
          "outputSelection": {
            "*": {
              "*": [
                "abi",
                "evm.bytecode",
                "evm.deployedBytecode",
                "evm.methodIdentifiers",
                "metadata",
                "devdoc",
                "userdoc",
                "storageLayout",
                "evm.gasEstimates"
              ],
              "": [
                "ast"
              ]
            }
          },
          "metadata": {
            "useLiteralContent": true
          }
        }
      },
      "imports": [
        "./ERC20.sol"
      ],
      "versionPragmas": [
        "^0.8.28"
      ],
      "artifacts": [
        "Bank"
      ]
    },
    "/Users/xudesong/Desktop/web3/web3/react/next/next-15.3-antd/contracts/bank/ERC20.sol": {
      "lastModificationDate": 1756606811317,
      "contentHash": "ea89ef999ef27f5ed5655a625442f3d0",
      "sourceName": "contracts/bank/ERC20.sol",
      "solcConfig": {
        "version": "0.8.28",
        "settings": {
          "evmVersion": "paris",
          "optimizer": {
            "enabled": false,
            "runs": 200
          },
          "outputSelection": {
            "*": {
              "*": [
                "abi",
                "evm.bytecode",
                "evm.deployedBytecode",
                "evm.methodIdentifiers",
                "metadata",
                "devdoc",
                "userdoc",
                "storageLayout",
                "evm.gasEstimates"
              ],
              "": [
                "ast"
              ]
            }
          },
          "metadata": {
            "useLiteralContent": true
          }
        }
      },
      "imports": [
        "./IERC20.sol"
      ],
      "versionPragmas": [
        "^0.8.21"
      ],
      "artifacts": [
        "ERC20"
      ]
    },
    "/Users/xudesong/Desktop/web3/web3/react/next/next-15.3-antd/contracts/bank/IERC20.sol": {
      "lastModificationDate": 1756606811317,
      "contentHash": "945b2ac22ba0394395603760118f19f9",
      "sourceName": "contracts/bank/IERC20.sol",
      "solcConfig": {
        "version": "0.8.28",
        "settings": {
          "evmVersion": "paris",
          "optimizer": {
            "enabled": false,
            "runs": 200
          },
          "outputSelection": {
            "*": {
              "*": [
                "abi",
                "evm.bytecode",
                "evm.deployedBytecode",
                "evm.methodIdentifiers",
                "metadata",
                "devdoc",
                "userdoc",
                "storageLayout",
                "evm.gasEstimates"
              ],
              "": [
                "ast"
              ]
            }
          },
          "metadata": {
            "useLiteralContent": true
          }
        }
      },
      "imports": [],
      "versionPragmas": [
        "^0.8.21"
      ],
      "artifacts": [
        "IERC20"
      ]
    }
  }
}
